time_period_start,time_period_end,time_open,time_close,price_open,price_high,price_low,price_close,volume_traded,trades_count
2021-08-22T00:00:00.0000000Z,2021-08-22T00:15:00.0000000Z,2021-08-22T00:00:01.8510000Z,2021-08-22T00:14:59.7100000Z,0.3172,0.3198,0.3165971,0.31801,4038150.82050681,1202
2021-08-22T00:15:00.0000000Z,2021-08-22T00:30:00.0000000Z,2021-08-22T00:15:00.0593150Z,2021-08-22T00:29:58.2607210Z,0.318,0.3195,0.3167,0.3188,2092892.46810526,1215
2021-08-22T00:30:00.0000000Z,2021-08-22T00:45:00.0000000Z,2021-08-22T00:30:00.6240420Z,2021-08-22T00:44:56.6158290Z,0.3189,0.31967,0.3183,0.3194,1836985.05437635,765
2021-08-22T00:45:00.0000000Z,2021-08-22T01:00:00.0000000Z,2021-08-22T00:45:01.2343310Z,2021-08-22T00:59:54.7097380Z,0.3192,0.3202,0.3177435,0.3186,2882260.19962815,1216
2021-08-22T01:00:00.0000000Z,2021-08-22T01:15:00.0000000Z,2021-08-22T01:00:01.4043740Z,2021-08-22T01:14:58.7590460Z,0.3187,0.3189,0.3177,0.3179,2372949.57529278,847
2021-08-22T01:15:00.0000000Z,2021-08-22T01:30:00.0000000Z,2021-08-22T01:15:01.2183960Z,2021-08-22T01:29:54.3839390Z,0.3179,0.31893,0.3177,0.3189,1584668.39579125,762
2021-08-22T01:30:00.0000000Z,2021-08-22T01:45:00.0000000Z,2021-08-22T01:30:03.2966680Z,2021-08-22T01:44:58.3714010Z,0.319,0.32,0.3187936,0.3196,2133913.08640912,796
2021-08-22T01:45:00.0000000Z,2021-08-22T02:00:00.0000000Z,2021-08-22T01:45:05.9409300Z,2021-08-22T01:59:59.3494520Z,0.3196,0.32056,0.3192,0.3194,3159774.63833802,1029
2021-08-22T02:00:00.0000000Z,2021-08-22T02:15:00.0000000Z,2021-08-22T02:00:00.8679530Z,2021-08-22T02:14:58.6576160Z,0.3195,0.31969,0.3185,0.3188,1985656.65464697,750
2021-08-22T02:15:00.0000000Z,2021-08-22T02:30:00.0000000Z,2021-08-22T02:15:04.7534170Z,2021-08-22T02:29:59.6976490Z,0.319,0.31914,0.316,0.3164,2159666.92544227,1044
2021-08-22T02:30:00.0000000Z,2021-08-22T02:45:00.0000000Z,2021-08-22T02:30:00.4975640Z,2021-08-22T02:44:59.5074950Z,0.3163,0.31641,0.312,0.314,11318509.2909308,3339
2021-08-22T02:45:00.0000000Z,2021-08-22T03:00:00.0000000Z,2021-08-22T02:45:00.5934310Z,2021-08-22T02:59:58.7298760Z,0.3141,0.3163,0.314,0.3156,2621041.69812723,1259
2021-08-22T03:00:00.0000000Z,2021-08-22T03:15:00.0000000Z,2021-08-22T03:00:01.5687420Z,2021-08-22T03:14:57.9333140Z,0.3154,0.317,0.315,0.3158,1831946.05561363,806
2021-08-22T03:15:00.0000000Z,2021-08-22T03:30:00.0000000Z,2021-08-22T03:15:02.0116050Z,2021-08-22T03:29:54.4893000Z,0.3158,0.3167,0.3139,0.3142,1350136.22571491,704
2021-08-22T03:30:00.0000000Z,2021-08-22T03:45:00.0000000Z,2021-08-22T03:30:03.1723600Z,2021-08-22T03:44:59.9123290Z,0.3141,0.3152,0.3135,0.3152,1590475.06773537,750
2021-08-22T03:45:00.0000000Z,2021-08-22T04:00:00.0000000Z,2021-08-22T03:45:03.3738830Z,2021-08-22T03:59:58.2285280Z,0.3152,0.3158,0.3139,0.3152,603643.73704626,547
2021-08-22T04:00:00.0000000Z,2021-08-22T04:15:00.0000000Z,2021-08-22T04:00:02.5350000Z,2021-08-22T04:14:53.9487870Z,0.31506,0.31643,0.3140571,0.3151,1474476.13248,653
2021-08-22T04:15:00.0000000Z,2021-08-22T04:30:00.0000000Z,2021-08-22T04:15:01.1763020Z,2021-08-22T04:29:55.6823130Z,0.315,0.3162,0.3146,0.3156,1368189.52822923,608
2021-08-22T04:30:00.0000000Z,2021-08-22T04:45:00.0000000Z,2021-08-22T04:30:06.7699970Z,2021-08-22T04:44:55.0193690Z,0.3159,0.3164,0.3153,0.316,1403295.66858996,569
2021-08-22T04:45:00.0000000Z,2021-08-22T05:00:00.0000000Z,2021-08-22T04:45:01.2307310Z,2021-08-22T04:59:59.5746870Z,0.3157,0.3176,0.3153,0.3175,1775673.55705846,869
2021-08-22T05:00:00.0000000Z,2021-08-22T05:15:00.0000000Z,2021-08-22T05:00:00.5490000Z,2021-08-22T05:14:59.8231980Z,0.31726,0.3184,0.3169,0.3172,1818039.63172493,842
2021-08-22T05:15:00.0000000Z,2021-08-22T05:30:00.0000000Z,2021-08-22T05:15:01.0861840Z,2021-08-22T05:29:58.8299310Z,0.3172,0.3172,0.3159,0.3165,2447971.04340103,799
2021-08-22T05:30:00.0000000Z,2021-08-22T05:45:00.0000000Z,2021-08-22T05:30:01.7031760Z,2021-08-22T05:44:54.8257280Z,0.3165,0.3169,0.3156,0.3163,659532.97713587,528
2021-08-22T05:45:00.0000000Z,2021-08-22T06:00:00.0000000Z,2021-08-22T05:45:07.2215820Z,2021-08-22T05:59:57.9854610Z,0.3163,0.3168,0.3159,0.3164,634496.50219866,446
2021-08-22T06:00:00.0000000Z,2021-08-22T06:15:00.0000000Z,2021-08-22T06:00:00.1787350Z,2021-08-22T06:14:57.6363480Z,0.3166,0.3174,0.3163,0.317,843234.50829168,530
2021-08-22T06:15:00.0000000Z,2021-08-22T06:30:00.0000000Z,2021-08-22T06:15:04.7151130Z,2021-08-22T06:29:59.2522230Z,0.317,0.3197,0.3169637,0.3186,3266343.48566535,1028
2021-08-22T06:30:00.0000000Z,2021-08-22T06:45:00.0000000Z,2021-08-22T06:30:01.3416370Z,2021-08-22T06:44:59.7665480Z,0.3187,0.3213,0.3186,0.32,3321743.85289294,1024
2021-08-22T06:45:00.0000000Z,2021-08-22T07:00:00.0000000Z,2021-08-22T06:45:00.0178310Z,2021-08-22T06:59:59.0241890Z,0.3202,0.3202,0.3188057,0.319,1095546.15720355,508
2021-08-22T07:00:00.0000000Z,2021-08-22T07:15:00.0000000Z,2021-08-22T07:00:02.1650000Z,2021-08-22T07:14:55.5550020Z,0.31926,0.3197,0.3185,0.3195,572660.51700449,445
2021-08-22T07:15:00.0000000Z,2021-08-22T07:30:00.0000000Z,2021-08-22T07:15:01.0821490Z,2021-08-22T07:29:53.6066310Z,0.3194,0.3203167,0.3189,0.32,824547.19286562,553
2021-08-22T07:30:00.0000000Z,2021-08-22T07:45:00.0000000Z,2021-08-22T07:30:00.0029020Z,2021-08-22T07:44:55.0320000Z,0.32,0.3202,0.3189,0.3189582,1668527.20239669,669
2021-08-22T07:45:00.0000000Z,2021-08-22T08:00:00.0000000Z,2021-08-22T07:45:01.4171330Z,2021-08-22T07:59:54.0995500Z,0.3189,0.3201,0.3187,0.3195,1095623.77636989,476
2021-08-22T08:00:00.0000000Z,2021-08-22T08:15:00.0000000Z,2021-08-22T08:00:00.0316150Z,2021-08-22T08:14:59.4759600Z,0.3196,0.3205,0.3194,0.32,1004775.41401639,531
2021-08-22T08:15:00.0000000Z,2021-08-22T08:30:00.0000000Z,2021-08-22T08:15:00.8312480Z,2021-08-22T08:29:57.4884340Z,0.3199,0.32,0.3175,0.3181,1081763.88327301,609
2021-08-22T08:30:00.0000000Z,2021-08-22T08:45:00.0000000Z,2021-08-22T08:30:09.6548490Z,2021-08-22T08:44:53.3804570Z,0.3181,0.3194,0.3179,0.319,1099673.02039651,472
2021-08-22T08:45:00.0000000Z,2021-08-22T09:00:00.0000000Z,2021-08-22T08:45:05.9982120Z,2021-08-22T08:59:59.1230800Z,0.3192,0.3193,0.3179,0.3182,652792.00472043,359
2021-08-22T09:00:00.0000000Z,2021-08-22T09:15:00.0000000Z,2021-08-22T09:00:02.6450000Z,2021-08-22T09:14:56.6439940Z,0.31843,0.3192126,0.3182,0.3189,855820.73884826,414
2021-08-22T09:15:00.0000000Z,2021-08-22T09:30:00.0000000Z,2021-08-22T09:15:04.7811160Z,2021-08-22T09:29:59.9173440Z,0.3187,0.3199147,0.3187,0.3198,1173264.13951808,627
2021-08-22T09:30:00.0000000Z,2021-08-22T09:45:00.0000000Z,2021-08-22T09:30:01.9657580Z,2021-08-22T09:44:59.1070430Z,0.3199,0.3209,0.3195,0.3206,708018.81062722,429
2021-08-22T09:45:00.0000000Z,2021-08-22T10:00:00.0000000Z,2021-08-22T09:45:05.1034990Z,2021-08-22T09:59:53.7980000Z,0.3207,0.321,0.32,0.32041,423097.73354034,329
2021-08-22T10:00:00.0000000Z,2021-08-22T10:15:00.0000000Z,2021-08-22T10:00:00.1129870Z,2021-08-22T10:14:58.9334100Z,0.3203,0.3216,0.3196,0.3211,2819936.11200554,691
2021-08-22T10:15:00.0000000Z,2021-08-22T10:30:00.0000000Z,2021-08-22T10:15:00.0600000Z,2021-08-22T10:29:59.7280000Z,0.32141,0.3217,0.3197,0.32004,1714879.23889312,590
2021-08-22T10:30:00.0000000Z,2021-08-22T10:45:00.0000000Z,2021-08-22T10:30:00.6137060Z,2021-08-22T10:44:59.2433200Z,0.3198,0.3208,0.3197,0.3199,617791.7037772,376
2021-08-22T10:45:00.0000000Z,2021-08-22T11:00:00.0000000Z,2021-08-22T10:45:00.0952170Z,2021-08-22T10:59:42.4826060Z,0.3198,0.3202,0.3188,0.3193,605869.99947144,453
2021-08-22T11:00:00.0000000Z,2021-08-22T11:15:00.0000000Z,2021-08-22T11:00:01.9370000Z,2021-08-22T11:14:51.2649570Z,0.3192,0.3199,0.3187,0.3197,507759.68798876,436
2021-08-22T11:15:00.0000000Z,2021-08-22T11:30:00.0000000Z,2021-08-22T11:15:05.5763120Z,2021-08-22T11:29:58.2569230Z,0.3197,0.3206,0.3194,0.3204,698808.11430504,452
2021-08-22T11:30:00.0000000Z,2021-08-22T11:45:00.0000000Z,2021-08-22T11:30:00.4339470Z,2021-08-22T11:44:59.3798030Z,0.3205,0.32057,0.31861,0.319,3270098.96928041,557
2021-08-22T11:45:00.0000000Z,2021-08-22T12:00:00.0000000Z,2021-08-22T11:45:01.0185010Z,2021-08-22T11:59:57.0973000Z,0.319,0.3208,0.3187,0.3194,4964901.84046668,1336
2021-08-22T12:00:00.0000000Z,2021-08-22T12:15:00.0000000Z,2021-08-22T12:00:01.7440000Z,2021-08-22T12:14:59.0304140Z,0.3191749,0.32,0.3172,0.3181,1402555.99963761,715
2021-08-22T12:15:00.0000000Z,2021-08-22T12:30:00.0000000Z,2021-08-22T12:15:00.2515520Z,2021-08-22T12:29:58.6600490Z,0.3181,0.3195,0.3177,0.3179,483629.41148884,440
2021-08-22T12:30:00.0000000Z,2021-08-22T12:45:00.0000000Z,2021-08-22T12:30:01.9352350Z,2021-08-22T12:44:59.0424590Z,0.318,0.3184,0.3162,0.3166,2078443.82249466,679
2021-08-22T12:45:00.0000000Z,2021-08-22T13:00:00.0000000Z,2021-08-22T12:45:04.0901480Z,2021-08-22T12:59:59.2804050Z,0.3166,0.3176,0.3162,0.3166,1391339.27642165,585
2021-08-22T13:00:00.0000000Z,2021-08-22T13:15:00.0000000Z,2021-08-22T13:00:00.4522400Z,2021-08-22T13:14:59.4675230Z,0.3167,0.31673,0.315,0.316,4079950.4094777,1257
2021-08-22T13:15:00.0000000Z,2021-08-22T13:30:00.0000000Z,2021-08-22T13:15:00.6866230Z,2021-08-22T13:29:59.3949000Z,0.316,0.317,0.3124731,0.3169,5873946.23548646,2117
2021-08-22T13:30:00.0000000Z,2021-08-22T13:45:00.0000000Z,2021-08-22T13:30:06.3140000Z,2021-08-22T13:44:59.0781840Z,0.31671,0.31805,0.3154,0.3157,1918162.8767701,908
2021-08-22T13:45:00.0000000Z,2021-08-22T14:00:00.0000000Z,2021-08-22T13:45:01.4900000Z,2021-08-22T13:59:53.0131790Z,0.3156,0.3162,0.3148,0.3161,2291480.26855703,773
2021-08-22T14:00:00.0000000Z,2021-08-22T14:15:00.0000000Z,2021-08-22T14:00:01.8847160Z,2021-08-22T14:14:59.8532830Z,0.3158,0.3164,0.315,0.3159,1802983.05084058,781
2021-08-22T14:15:00.0000000Z,2021-08-22T14:30:00.0000000Z,2021-08-22T14:15:00.0676510Z,2021-08-22T14:29:57.5220020Z,0.3159,0.3159,0.3149613,0.3153,956642.71535755,709
2021-08-22T14:30:00.0000000Z,2021-08-22T14:45:00.0000000Z,2021-08-22T14:30:02.1380430Z,2021-08-22T14:44:56.8516790Z,0.3153,0.3154,0.3119,0.3131,3337357.95803453,1294
2021-08-22T14:45:00.0000000Z,2021-08-22T15:00:00.0000000Z,2021-08-22T14:45:00.2664530Z,2021-08-22T14:59:59.6811530Z,0.3131,0.3132,0.3062,0.3078,14668041.5093381,4173
2021-08-22T15:00:00.0000000Z,2021-08-22T15:15:00.0000000Z,2021-08-22T15:00:00.1414000Z,2021-08-22T15:14:59.6773480Z,0.3075,0.3107,0.3057,0.3095,7321159.87119502,2389
2021-08-22T15:15:00.0000000Z,2021-08-22T15:30:00.0000000Z,2021-08-22T15:15:04.1501560Z,2021-08-22T15:29:59.2440000Z,0.3093,0.3113,0.3083,0.31028,7336499.76644109,1574
2021-08-22T15:30:00.0000000Z,2021-08-22T15:45:00.0000000Z,2021-08-22T15:30:00.2389150Z,2021-08-22T15:44:59.4579340Z,0.3102,0.3123,0.3099,0.3116,4540631.47391783,1352
2021-08-22T15:45:00.0000000Z,2021-08-22T16:00:00.0000000Z,2021-08-22T15:45:00.2700130Z,2021-08-22T15:59:59.8940000Z,0.3117,0.3119,0.3105124,0.31172,2868691.30208774,774
2021-08-22T16:00:00.0000000Z,2021-08-22T16:15:00.0000000Z,2021-08-22T16:00:01.4878740Z,2021-08-22T16:14:57.9020510Z,0.3117,0.31172,0.3087,0.3099,3465590.66760239,1264
2021-08-22T16:15:00.0000000Z,2021-08-22T16:30:00.0000000Z,2021-08-22T16:15:01.3640000Z,2021-08-22T16:29:59.5475540Z,0.31006,0.3116,0.3083,0.3116,2220628.38579806,1005
2021-08-22T16:30:00.0000000Z,2021-08-22T16:45:00.0000000Z,2021-08-22T16:30:00.1254900Z,2021-08-22T16:44:59.7068280Z,0.3116,0.3131,0.3108,0.3121,2833795.94894723,1055
2021-08-22T16:45:00.0000000Z,2021-08-22T17:00:00.0000000Z,2021-08-22T16:45:02.1965770Z,2021-08-22T16:59:58.4219070Z,0.3122,0.3129,0.3104,0.3118,3994750.42615496,1273
2021-08-22T17:00:00.0000000Z,2021-08-22T17:15:00.0000000Z,2021-08-22T17:00:00.3454590Z,2021-08-22T17:14:57.8832490Z,0.3118,0.3125544,0.3108,0.3121,2112673.13521605,828
2021-08-22T17:15:00.0000000Z,2021-08-22T17:30:00.0000000Z,2021-08-22T17:15:00.3801270Z,2021-08-22T17:29:56.5137300Z,0.3122,0.31261,0.3098,0.3107,1850814.97953691,900
2021-08-22T17:30:00.0000000Z,2021-08-22T17:45:00.0000000Z,2021-08-22T17:30:00.6504790Z,2021-08-22T17:44:59.4338820Z,0.3107,0.3116,0.3093,0.3099,2027386.40354086,886
2021-08-22T17:45:00.0000000Z,2021-08-22T18:00:00.0000000Z,2021-08-22T17:45:00.2391390Z,2021-08-22T17:59:59.6057550Z,0.3099,0.3104,0.3088,0.3102,2794213.32655171,1117
2021-08-22T18:00:00.0000000Z,2021-08-22T18:15:00.0000000Z,2021-08-22T18:00:00.2315630Z,2021-08-22T18:14:58.9750930Z,0.3102,0.3102,0.3053382,0.3061,5524391.40547436,1706
2021-08-22T18:15:00.0000000Z,2021-08-22T18:30:00.0000000Z,2021-08-22T18:15:01.0437080Z,2021-08-22T18:29:57.4198210Z,0.3061,0.3085,0.3052,0.3079,4334642.94222137,1433
2021-08-22T18:30:00.0000000Z,2021-08-22T18:45:00.0000000Z,2021-08-22T18:30:05.2383380Z,2021-08-22T18:44:57.8270000Z,0.3076,0.3108,0.30704,0.3102066,4741210.14705689,1357
2021-08-22T18:45:00.0000000Z,2021-08-22T19:00:00.0000000Z,2021-08-22T18:45:00.2950800Z,2021-08-22T18:59:58.7301720Z,0.3107,0.311,0.30915,0.3095,1723182.91949529,840
2021-08-22T19:00:00.0000000Z,2021-08-22T19:15:00.0000000Z,2021-08-22T19:00:02.2910000Z,2021-08-22T19:14:59.8477180Z,0.30961,0.3115,0.3091,0.3105,1716694.17899662,805
2021-08-22T19:15:00.0000000Z,2021-08-22T19:30:00.0000000Z,2021-08-22T19:15:00.0392230Z,2021-08-22T19:29:56.8888680Z,0.3106,0.31178,0.3103,0.3114,1493474.5559146,799
2021-08-22T19:30:00.0000000Z,2021-08-22T19:45:00.0000000Z,2021-08-22T19:30:00.5699730Z,2021-08-22T19:44:57.7921280Z,0.3116,0.3118,0.311,0.3115,1460871.30612067,813
2021-08-22T19:45:00.0000000Z,2021-08-22T20:00:00.0000000Z,2021-08-22T19:45:05.0577160Z,2021-08-22T19:59:59.9280300Z,0.3114,0.31151,0.31,0.311,1936280.88584457,804
2021-08-22T20:00:00.0000000Z,2021-08-22T20:15:00.0000000Z,2021-08-22T20:00:00.8857550Z,2021-08-22T20:14:59.5949480Z,0.3109,0.31107,0.30696,0.3074,6030205.03301159,1235
2021-08-22T20:15:00.0000000Z,2021-08-22T20:30:00.0000000Z,2021-08-22T20:15:01.2724170Z,2021-08-22T20:29:59.8205950Z,0.3074,0.3082,0.3064,0.3072,4383970.49897165,1348
2021-08-22T20:30:00.0000000Z,2021-08-22T20:45:00.0000000Z,2021-08-22T20:30:00.1723270Z,2021-08-22T20:44:58.3020000Z,0.3072,0.3079,0.3063,0.30773,2010087.19858421,850
2021-08-22T20:45:00.0000000Z,2021-08-22T21:00:00.0000000Z,2021-08-22T20:45:00.0612640Z,2021-08-22T20:59:57.1900510Z,0.3078,0.3094,0.307,0.3091,1813764.39498487,821
2021-08-22T21:00:00.0000000Z,2021-08-22T21:15:00.0000000Z,2021-08-22T21:00:01.4920280Z,2021-08-22T21:14:59.7901690Z,0.3088,0.3092,0.3073,0.3078,1325179.92669884,731
2021-08-22T21:15:00.0000000Z,2021-08-22T21:30:00.0000000Z,2021-08-22T21:15:00.2619300Z,2021-08-22T21:29:58.8892520Z,0.3076,0.3094,0.3076,0.3088,2238781.61661854,1045
2021-08-22T21:30:00.0000000Z,2021-08-22T21:45:00.0000000Z,2021-08-22T21:30:03.0591660Z,2021-08-22T21:44:58.4629630Z,0.3089,0.31022,0.3086,0.3099,1302554.01796872,767
2021-08-22T21:45:00.0000000Z,2021-08-22T22:00:00.0000000Z,2021-08-22T21:45:00.4876690Z,2021-08-22T21:59:58.8531240Z,0.3099,0.3116,0.3097705,0.3115,1594605.33986235,870
2021-08-22T22:00:00.0000000Z,2021-08-22T22:15:00.0000000Z,2021-08-22T22:00:00.1290650Z,2021-08-22T22:14:58.6365980Z,0.3114,0.3129,0.3104,0.3123,7170916.64545852,1320
2021-08-22T22:15:00.0000000Z,2021-08-22T22:30:00.0000000Z,2021-08-22T22:15:04.5858570Z,2021-08-22T22:29:57.1527340Z,0.3124,0.3129,0.31056,0.3116,1746069.7598517,814
2021-08-22T22:30:00.0000000Z,2021-08-22T22:45:00.0000000Z,2021-08-22T22:30:02.3809740Z,2021-08-22T22:44:59.4574220Z,0.3116,0.3126,0.31048,0.3123,2096959.01658554,926
2021-08-22T22:45:00.0000000Z,2021-08-22T23:00:00.0000000Z,2021-08-22T22:45:02.8297750Z,2021-08-22T22:59:57.8705960Z,0.3122,0.3148,0.3121,0.3146,6118210.54342316,1559
2021-08-22T23:00:00.0000000Z,2021-08-22T23:15:00.0000000Z,2021-08-22T23:00:00.2032410Z,2021-08-22T23:14:59.3510580Z,0.3144,0.316,0.313667,0.3157,3229531.09934083,1348
2021-08-22T23:15:00.0000000Z,2021-08-22T23:30:00.0000000Z,2021-08-22T23:15:02.9039510Z,2021-08-22T23:29:56.8312510Z,0.3158,0.3168,0.315,0.3162,4517367.99953106,1272
2021-08-22T23:30:00.0000000Z,2021-08-22T23:45:00.0000000Z,2021-08-22T23:30:00.2593440Z,2021-08-22T23:44:59.5549250Z,0.3162,0.3164,0.3137,0.3143,2451516.07969954,1158
2021-08-22T23:45:00.0000000Z,2021-08-23T00:00:00.0000000Z,2021-08-22T23:45:01.9189310Z,2021-08-22T23:59:59.9599120Z,0.3143,0.3155,0.3139,0.3149,4208484.49867693,1262
2021-08-23T00:00:00.0000000Z,2021-08-23T00:15:00.0000000Z,2021-08-23T00:00:01.0295950Z,2021-08-23T00:14:58.3672970Z,0.3149,0.3188,0.3147509,0.3187,6989830.45260208,1993
2021-08-23T00:15:00.0000000Z,2021-08-23T00:30:00.0000000Z,2021-08-23T00:15:00.0096720Z,2021-08-23T00:29:56.2410490Z,0.3187,0.3193,0.3162,0.3166,3168006.70928178,1303
2021-08-23T00:30:00.0000000Z,2021-08-23T00:45:00.0000000Z,2021-08-23T00:30:00.4473980Z,2021-08-23T00:44:57.5302420Z,0.3166,0.317,0.3142,0.3146,4135964.22813664,1370
2021-08-23T00:45:00.0000000Z,2021-08-23T01:00:00.0000000Z,2021-08-23T00:45:00.6568490Z,2021-08-23T00:59:59.6406460Z,0.3146,0.3156,0.3145,0.3151,2392005.63705461,990
2021-08-23T01:00:00.0000000Z,2021-08-23T01:15:00.0000000Z,2021-08-23T01:00:00.1336600Z,2021-08-23T01:14:59.0419840Z,0.315,0.3152,0.313,0.3133,4130191.89457184,1443
2021-08-23T01:15:00.0000000Z,2021-08-23T01:30:00.0000000Z,2021-08-23T01:15:00.5143910Z,2021-08-23T01:29:58.9301540Z,0.3134,0.3164,0.3132,0.3161,4620487.2860186,1568
2021-08-23T01:30:00.0000000Z,2021-08-23T01:45:00.0000000Z,2021-08-23T01:30:01.3789420Z,2021-08-23T01:44:58.9327930Z,0.3164,0.3172,0.31512,0.3167,6166300.26742621,1733
2021-08-23T01:45:00.0000000Z,2021-08-23T02:00:00.0000000Z,2021-08-23T01:45:00.0818040Z,2021-08-23T01:59:58.7293480Z,0.3166,0.3176,0.31458,0.3162,5196623.50175221,1217
2021-08-23T02:00:00.0000000Z,2021-08-23T02:15:00.0000000Z,2021-08-23T02:00:00.6401060Z,2021-08-23T02:14:59.6271810Z,0.3161,0.3168,0.3146822,0.3155,3347234.96450912,1124
2021-08-23T02:15:00.0000000Z,2021-08-23T02:30:00.0000000Z,2021-08-23T02:15:02.1160000Z,2021-08-23T02:29:59.4968670Z,0.3157,0.3167,0.3135,0.3161,6256905.78286312,1205
2021-08-23T02:30:00.0000000Z,2021-08-23T02:45:00.0000000Z,2021-08-23T02:30:01.3580710Z,2021-08-23T02:44:57.5562440Z,0.3161,0.3179,0.3154,0.3168,5516141.42016287,1423
2021-08-23T02:45:00.0000000Z,2021-08-23T03:00:00.0000000Z,2021-08-23T02:45:01.0828630Z,2021-08-23T02:59:59.9935440Z,0.3169,0.3195,0.3169,0.3187,7733949.32608231,2277
2021-08-23T03:00:00.0000000Z,2021-08-23T03:15:00.0000000Z,2021-08-23T03:00:00.0257740Z,2021-08-23T03:14:59.0244620Z,0.3187,0.3237,0.3187,0.3217,15167307.29744454,3692
2021-08-23T03:15:00.0000000Z,2021-08-23T03:30:00.0000000Z,2021-08-23T03:15:00.7324470Z,2021-08-23T03:29:59.1977040Z,0.3218,0.32225,0.3185,0.3192,8763816.90707888,2319
2021-08-23T03:30:00.0000000Z,2021-08-23T03:45:00.0000000Z,2021-08-23T03:30:00.3734640Z,2021-08-23T03:44:59.9943430Z,0.3193,0.3219253,0.3189,0.3215,6229729.83646817,1970
2021-08-23T03:45:00.0000000Z,2021-08-23T04:00:00.0000000Z,2021-08-23T03:45:00.7428320Z,2021-08-23T03:59:59.8022660Z,0.3215,0.3223,0.3205,0.3213,7946096.70232615,1893
2021-08-23T04:00:00.0000000Z,2021-08-23T04:15:00.0000000Z,2021-08-23T04:00:00.4604420Z,2021-08-23T04:14:59.8572200Z,0.3215,0.3233,0.3206,0.3228,8286890.79659421,1914
2021-08-23T04:15:00.0000000Z,2021-08-23T04:30:00.0000000Z,2021-08-23T04:15:01.5382710Z,2021-08-23T04:29:59.0808710Z,0.3229,0.326,0.3217,0.3231,15779299.62142262,3338
2021-08-23T04:30:00.0000000Z,2021-08-23T04:45:00.0000000Z,2021-08-23T04:30:00.4054560Z,2021-08-23T04:44:59.7772520Z,0.3232,0.3246,0.3222,0.3233,5094905.28588883,1538
2021-08-23T04:45:00.0000000Z,2021-08-23T05:00:00.0000000Z,2021-08-23T04:45:00.1447010Z,2021-08-23T04:59:59.3832380Z,0.3233,0.3245,0.32213,0.3228,3843374.74689791,1033
2021-08-23T05:00:00.0000000Z,2021-08-23T05:15:00.0000000Z,2021-08-23T05:00:01.2956560Z,2021-08-23T05:14:59.9091400Z,0.3228,0.3237,0.3215,0.3218,2305329.14597139,993
2021-08-23T05:15:00.0000000Z,2021-08-23T05:30:00.0000000Z,2021-08-23T05:15:00.5821290Z,2021-08-23T05:29:57.7162920Z,0.3217,0.32344,0.3216,0.3224,1575976.64311051,797
2021-08-23T05:30:00.0000000Z,2021-08-23T05:45:00.0000000Z,2021-08-23T05:30:03.1794090Z,2021-08-23T05:44:58.8508500Z,0.3227,0.3231,0.32,0.3207,8174564.63097092,1813
2021-08-23T05:45:00.0000000Z,2021-08-23T06:00:00.0000000Z,2021-08-23T05:45:02.3250710Z,2021-08-23T05:59:59.8316750Z,0.3207,0.321148,0.3183,0.3201,4820057.58192146,1356
2021-08-23T06:00:00.0000000Z,2021-08-23T06:15:00.0000000Z,2021-08-23T06:00:00.0674110Z,2021-08-23T06:14:57.8660600Z,0.3202,0.3212,0.3197,0.3198,3253322.21901242,1694
2021-08-23T06:15:00.0000000Z,2021-08-23T06:30:00.0000000Z,2021-08-23T06:15:03.2601130Z,2021-08-23T06:29:58.8908000Z,0.3196,0.32022,0.318,0.318,3978384.55132272,1204
2021-08-23T06:30:00.0000000Z,2021-08-23T06:45:00.0000000Z,2021-08-23T06:30:01.9052730Z,2021-08-23T06:44:59.7730000Z,0.318,0.3195,0.318,0.31929,1610609.01381912,732
2021-08-23T06:45:00.0000000Z,2021-08-23T07:00:00.0000000Z,2021-08-23T06:45:01.1265420Z,2021-08-23T06:59:59.8939380Z,0.3194,0.3205,0.3191,0.3201,915309.86587016,702
2021-08-23T07:00:00.0000000Z,2021-08-23T07:15:00.0000000Z,2021-08-23T07:00:00.0117350Z,2021-08-23T07:14:57.6966500Z,0.3201,0.3205,0.3189,0.3192,1072608.68458325,730
2021-08-23T07:15:00.0000000Z,2021-08-23T07:30:00.0000000Z,2021-08-23T07:15:03.2414950Z,2021-08-23T07:29:59.9864080Z,0.3193,0.32,0.3175,0.3178,1509135.01447756,700
2021-08-23T07:30:00.0000000Z,2021-08-23T07:45:00.0000000Z,2021-08-23T07:30:03.9996870Z,2021-08-23T07:44:58.0106390Z,0.3178,0.3198,0.3177,0.3185,1517992.58935435,666
2021-08-23T07:45:00.0000000Z,2021-08-23T08:00:00.0000000Z,2021-08-23T07:45:02.5845480Z,2021-08-23T07:59:59.2581080Z,0.3185,0.31999,0.3184,0.3195,1760329.01035965,679
2021-08-23T08:00:00.0000000Z,2021-08-23T08:15:00.0000000Z,2021-08-23T08:00:00.2168730Z,2021-08-23T08:14:53.7370000Z,0.3196,0.3212963,0.3188,0.32106,2326216.35280554,959
2021-08-23T08:15:00.0000000Z,2021-08-23T08:30:00.0000000Z,2021-08-23T08:15:02.2094270Z,2021-08-23T08:29:57.8780200Z,0.3212,0.3229,0.3205,0.3221,2704100.68775211,865
2021-08-23T08:30:00.0000000Z,2021-08-23T08:45:00.0000000Z,2021-08-23T08:30:07.3828810Z,2021-08-23T08:44:58.8739140Z,0.3223,0.32334,0.3218,0.3228,2542706.65713115,792
2021-08-23T08:45:00.0000000Z,2021-08-23T09:00:00.0000000Z,2021-08-23T08:45:00.1918970Z,2021-08-23T08:59:59.3175480Z,0.3229,0.32808,0.3229,0.328,6812237.46211788,2434
2021-08-23T09:00:00.0000000Z,2021-08-23T09:15:00.0000000Z,2021-08-23T09:00:00.0462570Z,2021-08-23T09:14:59.6928130Z,0.3279,0.328,0.3251,0.3254,5967288.98126768,1616
2021-08-23T09:15:00.0000000Z,2021-08-23T09:30:00.0000000Z,2021-08-23T09:15:00.3933070Z,2021-08-23T09:29:58.2696330Z,0.3254,0.3268,0.3252,0.3256,2651399.92436232,866
2021-08-23T09:30:00.0000000Z,2021-08-23T09:45:00.0000000Z,2021-08-23T09:30:03.0412920Z,2021-08-23T09:44:59.5697790Z,0.3256,0.3259,0.3241,0.3248,2641244.23960168,1175
2021-08-23T09:45:00.0000000Z,2021-08-23T10:00:00.0000000Z,2021-08-23T09:45:01.9565210Z,2021-08-23T09:59:59.8173080Z,0.3249,0.3258,0.3241,0.3256,2525443.17689696,823
2021-08-23T10:00:00.0000000Z,2021-08-23T10:15:00.0000000Z,2021-08-23T10:00:01.4596030Z,2021-08-23T10:14:59.6882570Z,0.3257,0.32677,0.3213,0.3234,8347260.50628953,2406
2021-08-23T10:15:00.0000000Z,2021-08-23T10:30:00.0000000Z,2021-08-23T10:15:04.9088800Z,2021-08-23T10:29:58.0350000Z,0.3234,0.325,0.3227,0.32453,2473506.88166539,1296
2021-08-23T10:30:00.0000000Z,2021-08-23T10:45:00.0000000Z,2021-08-23T10:30:00.9719580Z,2021-08-23T10:44:56.7828760Z,0.3245,0.3247,0.3212,0.3228,2499358.15203916,1016
2021-08-23T10:45:00.0000000Z,2021-08-23T11:00:00.0000000Z,2021-08-23T10:45:01.3020000Z,2021-08-23T10:59:59.8168190Z,0.3226483,0.3235,0.3219,0.323,1533883.16428121,775
2021-08-23T11:00:00.0000000Z,2021-08-23T11:15:00.0000000Z,2021-08-23T11:00:02.8379700Z,2021-08-23T11:14:57.9738120Z,0.3231,0.3239,0.3221,0.3224,1494876.73531359,655
2021-08-23T11:15:00.0000000Z,2021-08-23T11:30:00.0000000Z,2021-08-23T11:15:00.4584140Z,2021-08-23T11:29:57.4980000Z,0.3224,0.3232,0.322,0.3225,1704355.63686141,834
2021-08-23T11:30:00.0000000Z,2021-08-23T11:45:00.0000000Z,2021-08-23T11:30:01.9193690Z,2021-08-23T11:44:59.6445120Z,0.3226,0.3241,0.3226,0.324,2396606.2879304,801
2021-08-23T11:45:00.0000000Z,2021-08-23T12:00:00.0000000Z,2021-08-23T11:45:03.9192380Z,2021-08-23T11:59:57.9259350Z,0.324,0.3251,0.3236,0.3247,2501414.59232261,861
2021-08-23T12:00:00.0000000Z,2021-08-23T12:15:00.0000000Z,2021-08-23T12:00:00.6396850Z,2021-08-23T12:14:57.8630400Z,0.3247,0.32485,0.3227,0.3237,2589295.18101857,1043
2021-08-23T12:15:00.0000000Z,2021-08-23T12:30:00.0000000Z,2021-08-23T12:15:00.1743410Z,2021-08-23T12:29:59.1830890Z,0.3236,0.32665,0.32278,0.3247,6007966.05871808,1652
2021-08-23T12:30:00.0000000Z,2021-08-23T12:45:00.0000000Z,2021-08-23T12:30:00.0653830Z,2021-08-23T12:44:59.0986230Z,0.3247,0.3256,0.32288,0.3231,5711947.14959376,1651
2021-08-23T12:45:00.0000000Z,2021-08-23T13:00:00.0000000Z,2021-08-23T12:45:02.0857710Z,2021-08-23T12:59:59.6689150Z,0.3232,0.32413,0.3225,0.323,3097562.43827039,1365
2021-08-23T13:00:00.0000000Z,2021-08-23T13:15:00.0000000Z,2021-08-23T13:00:00.2330310Z,2021-08-23T13:14:59.1080360Z,0.323,0.3233,0.3206,0.3218,4107304.31138854,1765
2021-08-23T13:15:00.0000000Z,2021-08-23T13:30:00.0000000Z,2021-08-23T13:15:00.5578540Z,2021-08-23T13:29:59.9615490Z,0.3217,0.3218,0.3185,0.3204,7181960.4430023,2219
2021-08-23T13:30:00.0000000Z,2021-08-23T13:45:00.0000000Z,2021-08-23T13:30:00.0402700Z,2021-08-23T13:44:59.3513860Z,0.3204,0.3217,0.3201,0.3206,5169019.1400346,1364
2021-08-23T13:45:00.0000000Z,2021-08-23T14:00:00.0000000Z,2021-08-23T13:45:00.4671550Z,2021-08-23T13:59:58.9591010Z,0.3207,0.3216,0.3196,0.3203,6106680.89264716,1620
2021-08-23T14:00:00.0000000Z,2021-08-23T14:15:00.0000000Z,2021-08-23T14:00:01.4974610Z,2021-08-23T14:14:59.0636940Z,0.3204,0.3221,0.3197,0.3221,3359967.58864451,1504
2021-08-23T14:15:00.0000000Z,2021-08-23T14:30:00.0000000Z,2021-08-23T14:15:00.0220000Z,2021-08-23T14:29:58.3859910Z,0.32191,0.323377,0.32099,0.3214,4822572.39436163,2015
2021-08-23T14:30:00.0000000Z,2021-08-23T14:45:00.0000000Z,2021-08-23T14:30:00.5399420Z,2021-08-23T14:44:59.7661110Z,0.3214,0.3216,0.3134,0.3173,13833075.95037269,4654
2021-08-23T14:45:00.0000000Z,2021-08-23T15:00:00.0000000Z,2021-08-23T14:45:00.7369230Z,2021-08-23T14:59:59.7585020Z,0.3175,0.3185,0.31544,0.3159,4065262.99322661,1718
2021-08-23T15:00:00.0000000Z,2021-08-23T15:15:00.0000000Z,2021-08-23T15:00:00.2129770Z,2021-08-23T15:14:59.9043230Z,0.3158,0.3182,0.3145,0.3176,2918129.45097119,1638
2021-08-23T15:15:00.0000000Z,2021-08-23T15:30:00.0000000Z,2021-08-23T15:15:00.7107850Z,2021-08-23T15:29:57.2579340Z,0.3177,0.3195,0.3168,0.3175,3061815.23976754,1444
2021-08-23T15:30:00.0000000Z,2021-08-23T15:45:00.0000000Z,2021-08-23T15:30:00.1829980Z,2021-08-23T15:44:59.4867160Z,0.3175,0.31875,0.3159,0.3185,3216816.77058163,1368
2021-08-23T15:45:00.0000000Z,2021-08-23T16:00:00.0000000Z,2021-08-23T15:45:00.8812910Z,2021-08-23T15:59:59.9977030Z,0.3186,0.3194,0.3172,0.3176,2908089.54565157,1229
2021-08-23T16:00:00.0000000Z,2021-08-23T16:15:00.0000000Z,2021-08-23T16:00:00.0017980Z,2021-08-23T16:14:58.6900560Z,0.3176,0.318,0.316,0.3164,6870776.01869195,2146
2021-08-23T16:15:00.0000000Z,2021-08-23T16:30:00.0000000Z,2021-08-23T16:15:01.1450240Z,2021-08-23T16:29:59.6991470Z,0.3163,0.3196,0.3162,0.319,5374858.0918437,1762
2021-08-23T16:30:00.0000000Z,2021-08-23T16:45:00.0000000Z,2021-08-23T16:30:00.2929520Z,2021-08-23T16:44:59.5207200Z,0.319,0.3194,0.317,0.3175,4752716.78929003,1567
2021-08-23T16:45:00.0000000Z,2021-08-23T17:00:00.0000000Z,2021-08-23T16:45:02.2220650Z,2021-08-23T16:59:59.6339310Z,0.3176,0.3194,0.31618,0.3191,4019096.57069821,1564
2021-08-23T17:00:00.0000000Z,2021-08-23T17:15:00.0000000Z,2021-08-23T17:00:00.5790000Z,2021-08-23T17:14:58.0890000Z,0.3191359,0.3195,0.3172,0.3177253,6623608.49320078,1798
2021-08-23T17:15:00.0000000Z,2021-08-23T17:30:00.0000000Z,2021-08-23T17:15:01.2997100Z,2021-08-23T17:29:59.8629520Z,0.3175,0.31812,0.3171,0.3175,3037216.37691935,1236
2021-08-23T17:30:00.0000000Z,2021-08-23T17:45:00.0000000Z,2021-08-23T17:30:00.2303710Z,2021-08-23T17:44:59.8220610Z,0.3175,0.3183,0.3168,0.3171,2216331.72160792,1167
2021-08-23T17:45:00.0000000Z,2021-08-23T18:00:00.0000000Z,2021-08-23T17:45:00.1608680Z,2021-08-23T17:59:59.9731510Z,0.3171,0.31778,0.31649,0.3167,1198031.14803319,944
2021-08-23T18:00:00.0000000Z,2021-08-23T18:15:00.0000000Z,2021-08-23T18:00:00.7292810Z,2021-08-23T18:14:59.1678180Z,0.3166,0.31754,0.3157,0.3161,2171463.6974644,1181
2021-08-23T18:15:00.0000000Z,2021-08-23T18:30:00.0000000Z,2021-08-23T18:15:00.0310960Z,2021-08-23T18:29:59.3590300Z,0.316,0.3175,0.3156,0.3175,1844869.78963103,1124
2021-08-23T18:30:00.0000000Z,2021-08-23T18:45:00.0000000Z,2021-08-23T18:30:00.5980560Z,2021-08-23T18:44:59.3309490Z,0.3175,0.3181,0.3172,0.3181,1533795.30154489,852
2021-08-23T18:45:00.0000000Z,2021-08-23T19:00:00.0000000Z,2021-08-23T18:45:00.5837560Z,2021-08-23T18:59:59.8771800Z,0.318,0.31853,0.3168,0.3172,1352798.40245775,945
2021-08-23T19:00:00.0000000Z,2021-08-23T19:15:00.0000000Z,2021-08-23T19:00:00.4192140Z,2021-08-23T19:14:57.7839860Z,0.3172,0.31732,0.3136,0.3141,6267646.18199211,1534
2021-08-23T19:15:00.0000000Z,2021-08-23T19:30:00.0000000Z,2021-08-23T19:15:00.7367500Z,2021-08-23T19:29:57.4855900Z,0.3139,0.3158,0.3137,0.3153,4279479.52592354,1400
2021-08-23T19:30:00.0000000Z,2021-08-23T19:45:00.0000000Z,2021-08-23T19:30:00.0201680Z,2021-08-23T19:44:59.8245510Z,0.3153,0.31582,0.3145,0.3151,1453282.08419053,816
2021-08-23T19:45:00.0000000Z,2021-08-23T20:00:00.0000000Z,2021-08-23T19:45:01.4868300Z,2021-08-23T19:59:56.6494480Z,0.3149,0.316,0.3143,0.3151,2265759.42606143,885
2021-08-23T20:00:00.0000000Z,2021-08-23T20:15:00.0000000Z,2021-08-23T20:00:00.5052270Z,2021-08-23T20:14:59.0080930Z,0.3151,0.3152,0.3128,0.315,6671393.13373982,2095
2021-08-23T20:15:00.0000000Z,2021-08-23T20:30:00.0000000Z,2021-08-23T20:15:01.9920000Z,2021-08-23T20:29:58.8650910Z,0.3148409,0.31764,0.3148409,0.3171,2995260.26827589,1212
2021-08-23T20:30:00.0000000Z,2021-08-23T20:45:00.0000000Z,2021-08-23T20:30:03.8673790Z,2021-08-23T20:44:58.9255300Z,0.3172,0.3177,0.3167,0.3176,1112331.55993757,820
2021-08-23T20:45:00.0000000Z,2021-08-23T21:00:00.0000000Z,2021-08-23T20:45:01.7896920Z,2021-08-23T20:59:59.7995020Z,0.3177,0.31942,0.31702,0.3191,5562666.36519463,1509
2021-08-23T21:00:00.0000000Z,2021-08-23T21:15:00.0000000Z,2021-08-23T21:00:00.8682380Z,2021-08-23T21:14:59.2380000Z,0.3192,0.32,0.3183,0.3185,3276172.40201302,1110
2021-08-23T21:15:00.0000000Z,2021-08-23T21:30:00.0000000Z,2021-08-23T21:15:01.3207170Z,2021-08-23T21:29:59.0151280Z,0.3185,0.3186,0.317,0.3172,3122627.36921952,1193
2021-08-23T21:30:00.0000000Z,2021-08-23T21:45:00.0000000Z,2021-08-23T21:30:03.7580000Z,2021-08-23T21:44:59.7066140Z,0.3172,0.3192,0.317,0.3187,1900934.82579122,872
2021-08-23T21:45:00.0000000Z,2021-08-23T22:00:00.0000000Z,2021-08-23T21:45:00.9960000Z,2021-08-23T21:59:58.5643770Z,0.31855,0.3217,0.3184924,0.3197,4514199.53467569,1519
2021-08-23T22:00:00.0000000Z,2021-08-23T22:15:00.0000000Z,2021-08-23T22:00:00.3906110Z,2021-08-23T22:14:59.5783920Z,0.3197,0.31986,0.3179,0.3189,1657569.80349413,937
2021-08-23T22:15:00.0000000Z,2021-08-23T22:30:00.0000000Z,2021-08-23T22:15:00.1127480Z,2021-08-23T22:29:59.1679610Z,0.319,0.31932,0.3180988,0.3184,1773298.3040896,809
2021-08-23T22:30:00.0000000Z,2021-08-23T22:45:00.0000000Z,2021-08-23T22:30:00.1423670Z,2021-08-23T22:44:56.9891360Z,0.3185,0.3198,0.3177748,0.3192,2595864.45315429,930
2021-08-23T22:45:00.0000000Z,2021-08-23T23:00:00.0000000Z,2021-08-23T22:45:03.4079440Z,2021-08-23T22:59:59.8406470Z,0.3192,0.3194,0.3169726,0.319,2708985.09342335,934
2021-08-23T23:00:00.0000000Z,2021-08-23T23:15:00.0000000Z,2021-08-23T23:00:00.2582360Z,2021-08-23T23:14:58.3885060Z,0.3191,0.3191,0.318,0.3186,1787769.39635818,847
2021-08-23T23:15:00.0000000Z,2021-08-23T23:30:00.0000000Z,2021-08-23T23:15:01.2579630Z,2021-08-23T23:29:59.5930000Z,0.3185,0.31981,0.3183,0.31912,2834870.22971275,1024
2021-08-23T23:30:00.0000000Z,2021-08-23T23:45:00.0000000Z,2021-08-23T23:30:00.6890000Z,2021-08-23T23:44:53.2061880Z,0.31913,0.3193,0.3171401,0.3182,2237689.435378,743
2021-08-23T23:45:00.0000000Z,2021-08-24T00:00:00.0000000Z,2021-08-23T23:45:10.1681980Z,2021-08-23T23:59:56.9103300Z,0.3181,0.31825,0.3169,0.3179,2465564.52562038,446
2021-08-24T00:00:00.0000000Z,2021-08-24T00:15:00.0000000Z,2021-08-24T00:00:00.0001950Z,2021-08-24T00:14:59.0936830Z,0.3179,0.31967,0.3174,0.3192,1933718.93509259,632
2021-08-24T00:15:00.0000000Z,2021-08-24T00:30:00.0000000Z,2021-08-24T00:15:00.4767250Z,2021-08-24T00:29:58.3464020Z,0.3193,0.31974,0.3173,0.3178,1596144.07274014,892
2021-08-24T00:30:00.0000000Z,2021-08-24T00:45:00.0000000Z,2021-08-24T00:30:00.9731140Z,2021-08-24T00:44:58.8793870Z,0.3177,0.3177,0.314,0.3146,8104091.52786252,1876
2021-08-24T00:45:00.0000000Z,2021-08-24T01:00:00.0000000Z,2021-08-24T00:45:00.4590070Z,2021-08-24T00:59:59.2200220Z,0.3145,0.3163,0.3134,0.3155,7708567.06916974,1692
2021-08-24T01:00:00.0000000Z,2021-08-24T01:15:00.0000000Z,2021-08-24T01:00:01.6639710Z,2021-08-24T01:14:59.1014280Z,0.3156,0.316,0.311,0.3123,7802108.0316104,1894
2021-08-24T01:15:00.0000000Z,2021-08-24T01:30:00.0000000Z,2021-08-24T01:15:02.9550000Z,2021-08-24T01:29:59.6388250Z,0.3122885,0.3135,0.3113,0.3134,8890827.70814781,2028
2021-08-24T01:30:00.0000000Z,2021-08-24T01:45:00.0000000Z,2021-08-24T01:30:00.5430500Z,2021-08-24T01:44:58.9417150Z,0.3134,0.314,0.3127,0.3138,5781193.31645416,1411
2021-08-24T01:45:00.0000000Z,2021-08-24T02:00:00.0000000Z,2021-08-24T01:45:00.6390000Z,2021-08-24T01:59:57.4878460Z,0.313615,0.3139,0.31248,0.3127,2141402.03851416,917
2021-08-24T02:00:00.0000000Z,2021-08-24T02:15:00.0000000Z,2021-08-24T02:00:02.2966880Z,2021-08-24T02:14:58.0722820Z,0.3125,0.3143,0.312,0.3142,1838620.08910174,968
2021-08-24T02:15:00.0000000Z,2021-08-24T02:30:00.0000000Z,2021-08-24T02:15:00.8608730Z,2021-08-24T02:29:59.3985910Z,0.3142,0.3148,0.3132,0.3145,1905834.99543183,783
2021-08-24T02:30:00.0000000Z,2021-08-24T02:45:00.0000000Z,2021-08-24T02:30:01.2531670Z,2021-08-24T02:44:55.6371930Z,0.3145,0.3146,0.3131,0.3137,1417594.64588893,691
2021-08-24T02:45:00.0000000Z,2021-08-24T03:00:00.0000000Z,2021-08-24T02:45:01.5594280Z,2021-08-24T02:59:58.4063360Z,0.3137,0.31453,0.31348,0.3145,1578037.35345137,668
2021-08-24T03:00:00.0000000Z,2021-08-24T03:15:00.0000000Z,2021-08-24T03:00:00.1075310Z,2021-08-24T03:14:56.8091840Z,0.3145,0.3150822,0.3139,0.3146,2985121.05354846,831
2021-08-24T03:15:00.0000000Z,2021-08-24T03:30:00.0000000Z,2021-08-24T03:15:00.3319950Z,2021-08-24T03:29:59.4379480Z,0.3145,0.3149,0.3133,0.3136,1973352.36517124,630
2021-08-24T03:30:00.0000000Z,2021-08-24T03:45:00.0000000Z,2021-08-24T03:30:00.1580390Z,2021-08-24T03:44:59.2450000Z,0.3137,0.3141,0.31242,0.3131411,3009979.61159884,827
2021-08-24T03:45:00.0000000Z,2021-08-24T04:00:00.0000000Z,2021-08-24T03:45:05.5994470Z,2021-08-24T03:59:57.6092340Z,0.3131,0.3136,0.3125,0.3128,1511628.06835912,708
2021-08-24T04:00:00.0000000Z,2021-08-24T04:15:00.0000000Z,2021-08-24T04:00:00.1899950Z,2021-08-24T04:14:54.5090000Z,0.3127,0.3136,0.3117,0.3120696,2060118.39862357,815
2021-08-24T04:15:00.0000000Z,2021-08-24T04:30:00.0000000Z,2021-08-24T04:15:00.4245830Z,2021-08-24T04:29:58.4314270Z,0.312,0.3125,0.3114,0.3121,1305909.13524209,652
2021-08-24T04:30:00.0000000Z,2021-08-24T04:45:00.0000000Z,2021-08-24T04:30:00.6115010Z,2021-08-24T04:44:56.0831210Z,0.312,0.3147,0.3119,0.3145,1894013.30606435,681
2021-08-24T04:45:00.0000000Z,2021-08-24T05:00:00.0000000Z,2021-08-24T04:45:00.1766540Z,2021-08-24T04:59:59.2459850Z,0.3146,0.3151,0.3138,0.315,1255679.48542409,700
2021-08-24T05:00:00.0000000Z,2021-08-24T05:15:00.0000000Z,2021-08-24T05:00:00.0896120Z,2021-08-24T05:14:59.9210760Z,0.3149,0.316,0.3146,0.3152,1064206.14544531,595
2021-08-24T05:15:00.0000000Z,2021-08-24T05:30:00.0000000Z,2021-08-24T05:15:03.0639980Z,2021-08-24T05:29:59.3060000Z,0.3151,0.316,0.3142,0.3143436,980794.23354255,479
2021-08-24T05:30:00.0000000Z,2021-08-24T05:45:00.0000000Z,2021-08-24T05:30:00.7220030Z,2021-08-24T05:44:58.0165290Z,0.3144,0.3162,0.31399,0.3156,3457053.60195027,594
2021-08-24T05:45:00.0000000Z,2021-08-24T06:00:00.0000000Z,2021-08-24T05:45:00.5947660Z,2021-08-24T05:59:56.1900000Z,0.3156,0.3156,0.3147682,0.3149055,840808.46255738,357
2021-08-24T06:00:00.0000000Z,2021-08-24T06:15:00.0000000Z,2021-08-24T06:00:00.4201290Z,2021-08-24T06:14:53.0557890Z,0.315,0.3156,0.3135,0.3146,3345899.86900555,618
2021-08-24T06:15:00.0000000Z,2021-08-24T06:30:00.0000000Z,2021-08-24T06:15:01.5161000Z,2021-08-24T06:29:59.0556610Z,0.3145,0.3151,0.314,0.3148,746552.22385644,425
2021-08-24T06:30:00.0000000Z,2021-08-24T06:45:00.0000000Z,2021-08-24T06:30:00.0230610Z,2021-08-24T06:44:52.2297100Z,0.3149,0.3166,0.3146,0.3164,923260.07912255,661
2021-08-24T06:45:00.0000000Z,2021-08-24T07:00:00.0000000Z,2021-08-24T06:45:00.2614890Z,2021-08-24T06:59:58.2884940Z,0.3165,0.3167,0.31581,0.3164,684146.196785,377
2021-08-24T07:00:00.0000000Z,2021-08-24T07:15:00.0000000Z,2021-08-24T07:00:01.9400000Z,2021-08-24T07:14:55.5516640Z,0.31641,0.3177,0.3151,0.3171,6333637.78812081,1053
2021-08-24T07:15:00.0000000Z,2021-08-24T07:30:00.0000000Z,2021-08-24T07:15:00.3409250Z,2021-08-24T07:29:58.8192450Z,0.317,0.3174,0.3164,0.3168,1275426.98632596,460
2021-08-24T07:30:00.0000000Z,2021-08-24T07:45:00.0000000Z,2021-08-24T07:30:04.1174190Z,2021-08-24T07:44:57.4830000Z,0.3169,0.317,0.31576,0.31576,883491.394671,425
2021-08-24T07:45:00.0000000Z,2021-08-24T08:00:00.0000000Z,2021-08-24T07:45:01.2767400Z,2021-08-24T07:59:57.6134570Z,0.316,0.31626,0.3152,0.316,522057.92907034,413
2021-08-24T08:00:00.0000000Z,2021-08-24T08:15:00.0000000Z,2021-08-24T08:00:07.7208760Z,2021-08-24T08:14:58.2441640Z,0.3159,0.31681,0.3159,0.3161,539094.86666024,416
2021-08-24T08:15:00.0000000Z,2021-08-24T08:30:00.0000000Z,2021-08-24T08:15:06.5160000Z,2021-08-24T08:29:59.1881100Z,0.31604,0.31626,0.3148,0.315,610501.05642103,393
2021-08-24T08:30:00.0000000Z,2021-08-24T08:45:00.0000000Z,2021-08-24T08:30:08.5195210Z,2021-08-24T08:44:59.8055240Z,0.3151,0.3161094,0.3151,0.3155,1138951.49629417,442
2021-08-24T08:45:00.0000000Z,2021-08-24T09:00:00.0000000Z,2021-08-24T08:45:00.5066860Z,2021-08-24T08:59:57.2200000Z,0.3155,0.316,0.3148,0.3148,1060744.65749383,394
2021-08-24T09:00:00.0000000Z,2021-08-24T09:15:00.0000000Z,2021-08-24T09:00:06.9873400Z,2021-08-24T09:14:57.9843030Z,0.3149,0.31596,0.3147,0.3148,886363.63150937,472
2021-08-24T09:15:00.0000000Z,2021-08-24T09:30:00.0000000Z,2021-08-24T09:15:02.6688690Z,2021-08-24T09:29:58.1874770Z,0.3148,0.3149,0.31344,0.3138,1892169.61092833,511
2021-08-24T09:30:00.0000000Z,2021-08-24T09:45:00.0000000Z,2021-08-24T09:30:02.2231660Z,2021-08-24T09:44:57.8003020Z,0.3139,0.3152,0.3138,0.3145,801583.47863683,509
2021-08-24T09:45:00.0000000Z,2021-08-24T10:00:00.0000000Z,2021-08-24T09:45:00.3655130Z,2021-08-24T09:59:59.2162910Z,0.3146,0.3146,0.31368,0.3139,539351.62676513,500
2021-08-24T10:00:00.0000000Z,2021-08-24T10:15:00.0000000Z,2021-08-24T10:00:01.2116310Z,2021-08-24T10:14:51.6458370Z,0.314,0.3153,0.314,0.3152,887708.26833431,448
2021-08-24T10:15:00.0000000Z,2021-08-24T10:30:00.0000000Z,2021-08-24T10:15:04.8038050Z,2021-08-24T10:29:48.9830030Z,0.3153,0.3157,0.314,0.3144,820972.43406781,497
2021-08-24T10:30:00.0000000Z,2021-08-24T10:45:00.0000000Z,2021-08-24T10:30:00.2019150Z,2021-08-24T10:44:59.4560000Z,0.3141,0.3144,0.3119999,0.312,3402547.28498883,974
2021-08-24T10:45:00.0000000Z,2021-08-24T11:00:00.0000000Z,2021-08-24T10:45:03.5344540Z,2021-08-24T10:59:55.5554890Z,0.3125,0.31281,0.3113895,0.3116,1878359.98840726,685
2021-08-24T11:00:00.0000000Z,2021-08-24T11:15:00.0000000Z,2021-08-24T11:00:00.4684990Z,2021-08-24T11:14:59.9340000Z,0.3117,0.3122,0.3081,0.31032,7568633.72646073,2091
2021-08-24T11:15:00.0000000Z,2021-08-24T11:30:00.0000000Z,2021-08-24T11:15:01.8014170Z,2021-08-24T11:29:59.7169690Z,0.3102,0.3118,0.3095683,0.3115,3381091.1037955,1121
2021-08-24T11:30:00.0000000Z,2021-08-24T11:45:00.0000000Z,2021-08-24T11:30:00.1977300Z,2021-08-24T11:44:57.3660000Z,0.3113,0.3127,0.3108,0.31201,1634433.83218851,665
2021-08-24T11:45:00.0000000Z,2021-08-24T12:00:00.0000000Z,2021-08-24T11:45:01.0040180Z,2021-08-24T11:59:59.7552460Z,0.3122,0.3135,0.3121,0.3129,945463.88351394,629
2021-08-24T12:00:00.0000000Z,2021-08-24T12:15:00.0000000Z,2021-08-24T12:00:01.6132730Z,2021-08-24T12:14:59.0249910Z,0.313,0.3131,0.3107,0.3114,1432322.64537079,646
2021-08-24T12:15:00.0000000Z,2021-08-24T12:30:00.0000000Z,2021-08-24T12:15:01.5023540Z,2021-08-24T12:29:57.6927100Z,0.3112,0.3122,0.3101,0.3103,1659605.90577753,815
2021-08-24T12:30:00.0000000Z,2021-08-24T12:45:00.0000000Z,2021-08-24T12:30:00.7423970Z,2021-08-24T12:44:59.5780470Z,0.3103,0.3108,0.3086,0.3097,3761832.63301119,1050
2021-08-24T12:45:00.0000000Z,2021-08-24T13:00:00.0000000Z,2021-08-24T12:45:01.7455780Z,2021-08-24T12:59:59.0343030Z,0.3098,0.3105,0.3092,0.3105,1494235.54585126,769
2021-08-24T13:00:00.0000000Z,2021-08-24T13:15:00.0000000Z,2021-08-24T13:00:00.1164680Z,2021-08-24T13:14:59.4933970Z,0.3105,0.3108,0.3086,0.3086,3874902.63907746,1076
2021-08-24T13:15:00.0000000Z,2021-08-24T13:30:00.0000000Z,2021-08-24T13:15:00.7640000Z,2021-08-24T13:29:59.9082790Z,0.30877,0.3089948,0.3,0.3014,16863770.3579672,4466
2021-08-24T13:30:00.0000000Z,2021-08-24T13:45:00.0000000Z,2021-08-24T13:30:00.4718010Z,2021-08-24T13:44:59.4660000Z,0.3015,0.3021,0.2953,0.30122,34605431.70531415,7997
2021-08-24T13:45:00.0000000Z,2021-08-24T14:00:00.0000000Z,2021-08-24T13:45:00.0859640Z,2021-08-24T13:59:59.3905680Z,0.3014,0.3026,0.2985,0.3022,8291460.59552881,2854
2021-08-24T14:00:00.0000000Z,2021-08-24T14:15:00.0000000Z,2021-08-24T14:00:00.8169020Z,2021-08-24T14:14:59.6501950Z,0.3021,0.3021,0.2978,0.298,9730224.00920057,3225
2021-08-24T14:15:00.0000000Z,2021-08-24T14:30:00.0000000Z,2021-08-24T14:15:00.1985690Z,2021-08-24T14:29:59.7171230Z,0.2981,0.2998,0.29247,0.2996,20303316.83535944,5049
2021-08-24T14:30:00.0000000Z,2021-08-24T14:45:00.0000000Z,2021-08-24T14:30:00.4170960Z,2021-08-24T14:44:59.6541080Z,0.2996,0.3014,0.2989,0.301,6679229.9998252,2169
2021-08-24T14:45:00.0000000Z,2021-08-24T15:00:00.0000000Z,2021-08-24T14:45:00.1160890Z,2021-08-24T14:59:58.6840810Z,0.3009,0.3013,0.298501,0.2994,5219887.10909449,1903
2021-08-24T15:00:00.0000000Z,2021-08-24T15:15:00.0000000Z,2021-08-24T15:00:00.8949130Z,2021-08-24T15:14:59.4350000Z,0.2991,0.301,0.29615,0.2972805,8298525.52574927,2837
2021-08-24T15:15:00.0000000Z,2021-08-24T15:30:00.0000000Z,2021-08-24T15:15:01.4390090Z,2021-08-24T15:29:58.9231870Z,0.2978,0.2989,0.2954,0.2984,8281246.30765259,2541
2021-08-24T15:30:00.0000000Z,2021-08-24T15:45:00.0000000Z,2021-08-24T15:30:00.9749700Z,2021-08-24T15:44:59.9138570Z,0.2984,0.2984,0.295,0.2968,7049417.53847657,1994
2021-08-24T15:45:00.0000000Z,2021-08-24T16:00:00.0000000Z,2021-08-24T15:45:00.1738670Z,2021-08-24T15:59:57.5621590Z,0.2967,0.29707,0.2919,0.2931,11314935.4148127,3127
2021-08-24T16:00:00.0000000Z,2021-08-24T16:15:00.0000000Z,2021-08-24T16:00:00.3490000Z,2021-08-24T16:14:59.8900840Z,0.2929172,0.29471,0.287,0.2877,23180516.71870666,5660
2021-08-24T16:15:00.0000000Z,2021-08-24T16:30:00.0000000Z,2021-08-24T16:15:00.6395000Z,2021-08-24T16:29:59.4874070Z,0.2876,0.28881,0.276,0.2869,45492843.06235663,10347
2021-08-24T16:30:00.0000000Z,2021-08-24T16:45:00.0000000Z,2021-08-24T16:30:00.2545500Z,2021-08-24T16:44:59.1790000Z,0.287,0.2909,0.2857403,0.287193,18807447.31711051,3855
2021-08-24T16:45:00.0000000Z,2021-08-24T17:00:00.0000000Z,2021-08-24T16:45:01.0720000Z,2021-08-24T16:59:59.9206430Z,0.2870198,0.2898,0.2853,0.2881,10423572.36086157,3198
2021-08-24T17:00:00.0000000Z,2021-08-24T17:15:00.0000000Z,2021-08-24T17:00:00.0362220Z,2021-08-24T17:14:58.9318580Z,0.2881,0.2923,0.287,0.2915,10628289.50491001,3160
2021-08-24T17:15:00.0000000Z,2021-08-24T17:30:00.0000000Z,2021-08-24T17:15:00.4195320Z,2021-08-24T17:29:58.7277100Z,0.2916,0.2946,0.29076,0.2929,7788843.47076452,2755
2021-08-24T17:30:00.0000000Z,2021-08-24T17:45:00.0000000Z,2021-08-24T17:30:00.1505490Z,2021-08-24T17:44:59.8093970Z,0.2928,0.2929,0.2904,0.2908,6653724.80244975,1733
2021-08-24T17:45:00.0000000Z,2021-08-24T18:00:00.0000000Z,2021-08-24T17:45:01.0408390Z,2021-08-24T17:59:59.3674000Z,0.2909,0.29095,0.2889,0.2893,5852964.67855985,2102
2021-08-24T18:00:00.0000000Z,2021-08-24T18:15:00.0000000Z,2021-08-24T18:00:00.4844020Z,2021-08-24T18:14:58.0942300Z,0.2892,0.2917,0.2885,0.2893,3895919.36388496,1627
2021-08-24T18:15:00.0000000Z,2021-08-24T18:30:00.0000000Z,2021-08-24T18:15:00.1990000Z,2021-08-24T18:29:59.5241640Z,0.28934,0.2924,0.2893,0.2902,3663193.21685208,1475
2021-08-24T18:30:00.0000000Z,2021-08-24T18:45:00.0000000Z,2021-08-24T18:30:00.0082260Z,2021-08-24T18:44:58.9659800Z,0.2902,0.2908,0.28752,0.2906,7607339.60825538,2379
2021-08-24T18:45:00.0000000Z,2021-08-24T19:00:00.0000000Z,2021-08-24T18:45:00.0329840Z,2021-08-24T18:59:57.3743590Z,0.2905,0.2925,0.2887,0.2923,5068235.3256541,1735
2021-08-24T19:00:00.0000000Z,2021-08-24T19:15:00.0000000Z,2021-08-24T19:00:00.1071000Z,2021-08-24T19:14:59.9780000Z,0.2923,0.2958,0.2916,0.29494,10633850.65951099,2591
2021-08-24T19:15:00.0000000Z,2021-08-24T19:30:00.0000000Z,2021-08-24T19:15:01.1721360Z,2021-08-24T19:29:58.3490440Z,0.2952,0.2953,0.2912,0.2918,3531797.40425251,1423
2021-08-24T19:30:00.0000000Z,2021-08-24T19:45:00.0000000Z,2021-08-24T19:30:02.5110390Z,2021-08-24T19:44:58.3605730Z,0.2918,0.29432,0.29089,0.2927,5716194.55955589,1819
2021-08-24T19:45:00.0000000Z,2021-08-24T20:00:00.0000000Z,2021-08-24T19:45:00.8225450Z,2021-08-24T19:59:58.5104740Z,0.2926,0.2971,0.2925164,0.296,6082939.46889019,2164
2021-08-24T20:00:00.0000000Z,2021-08-24T20:15:00.0000000Z,2021-08-24T20:00:00.5407540Z,2021-08-24T20:14:59.5796580Z,0.2959,0.2983,0.2945004,0.2982,7042012.18580056,1659
2021-08-24T20:15:00.0000000Z,2021-08-24T20:30:00.0000000Z,2021-08-24T20:15:01.1040000Z,2021-08-24T20:29:58.7241980Z,0.297709,0.2986,0.2963,0.2985,3970291.94931672,1314
2021-08-24T20:30:00.0000000Z,2021-08-24T20:45:00.0000000Z,2021-08-24T20:30:00.1199610Z,2021-08-24T20:44:59.7671240Z,0.2986,0.2995,0.297764,0.2989,4977371.77261666,1443
2021-08-24T20:45:00.0000000Z,2021-08-24T21:00:00.0000000Z,2021-08-24T20:45:00.4863870Z,2021-08-24T20:59:59.6544390Z,0.299,0.2992,0.29777,0.299,1712284.65151824,965
2021-08-24T21:00:00.0000000Z,2021-08-24T21:15:00.0000000Z,2021-08-24T21:00:00.4291460Z,2021-08-24T21:14:58.7529980Z,0.2991,0.3003,0.29653,0.2974,3987951.06089827,1766
2021-08-24T21:15:00.0000000Z,2021-08-24T21:30:00.0000000Z,2021-08-24T21:15:00.8508560Z,2021-08-24T21:29:59.5810200Z,0.2974,0.2982,0.2957,0.2967,4117741.16415883,1336
2021-08-24T21:30:00.0000000Z,2021-08-24T21:45:00.0000000Z,2021-08-24T21:30:02.2720940Z,2021-08-24T21:44:59.2350000Z,0.2967,0.2968,0.295,0.29538,2489158.98964644,932
2021-08-24T21:45:00.0000000Z,2021-08-24T22:00:00.0000000Z,2021-08-24T21:45:01.4587100Z,2021-08-24T21:59:59.2618930Z,0.2953,0.29583,0.29168,0.2944,3971665.37503175,1300
2021-08-24T22:00:00.0000000Z,2021-08-24T22:15:00.0000000Z,2021-08-24T22:00:01.0410000Z,2021-08-24T22:14:58.7981310Z,0.29415,0.2958,0.2932,0.2958,2746023.13537595,955
2021-08-24T22:15:00.0000000Z,2021-08-24T22:30:00.0000000Z,2021-08-24T22:15:01.5140220Z,2021-08-24T22:29:59.1966570Z,0.2958,0.2976,0.295438,0.2971,2181943.57118807,971
2021-08-24T22:30:00.0000000Z,2021-08-24T22:45:00.0000000Z,2021-08-24T22:30:01.6277520Z,2021-08-24T22:44:57.8940040Z,0.297,0.2974,0.2951,0.2961,1360049.46370315,701
2021-08-24T22:45:00.0000000Z,2021-08-24T23:00:00.0000000Z,2021-08-24T22:45:00.1750000Z,2021-08-24T22:59:59.8654490Z,0.2960209,0.29717,0.2947,0.2971,1924335.72241985,1025
2021-08-24T23:00:00.0000000Z,2021-08-24T23:15:00.0000000Z,2021-08-24T23:00:00.7924690Z,2021-08-24T23:14:56.8843630Z,0.2971,0.2974,0.295,0.2953,2973601.44374214,861
2021-08-24T23:15:00.0000000Z,2021-08-24T23:30:00.0000000Z,2021-08-24T23:15:00.8737740Z,2021-08-24T23:29:59.5478240Z,0.2952,0.2957,0.2921,0.2925,4683562.13457692,1485
2021-08-24T23:30:00.0000000Z,2021-08-24T23:45:00.0000000Z,2021-08-24T23:30:01.0899400Z,2021-08-24T23:44:59.8545190Z,0.2923,0.29346,0.28927,0.2898,7069473.09843248,2117
2021-08-24T23:45:00.0000000Z,2021-08-25T00:00:00.0000000Z,2021-08-24T23:45:01.3953800Z,2021-08-24T23:59:58.9629920Z,0.2895,0.2918058,0.2881,0.2888,8360195.84644271,1976
2021-08-25T00:00:00.0000000Z,2021-08-25T00:15:00.0000000Z,2021-08-25T00:00:00.8284250Z,2021-08-25T00:14:58.6815660Z,0.2888,0.2922,0.2882,0.2919,5889320.61835554,1684
2021-08-25T00:15:00.0000000Z,2021-08-25T00:30:00.0000000Z,2021-08-25T00:15:00.5160000Z,2021-08-25T00:29:59.3390000Z,0.29175,0.2938,0.2896424,0.2900282,6944068.05128527,1756
2021-08-25T00:30:00.0000000Z,2021-08-25T00:45:00.0000000Z,2021-08-25T00:30:00.0480850Z,2021-08-25T00:44:59.2448480Z,0.29,0.2934,0.2898,0.2919,2800328.03673656,1014
2021-08-25T00:45:00.0000000Z,2021-08-25T01:00:00.0000000Z,2021-08-25T00:45:01.6101860Z,2021-08-25T00:59:53.4252420Z,0.292,0.2941,0.2916,0.2936,2690749.02016683,942
2021-08-25T01:00:00.0000000Z,2021-08-25T01:15:00.0000000Z,2021-08-25T01:00:00.5830000Z,2021-08-25T01:14:59.7689200Z,0.29348,0.29348,0.2894,0.2898,3003171.04151526,1152
2021-08-25T01:15:00.0000000Z,2021-08-25T01:30:00.0000000Z,2021-08-25T01:15:00.9272490Z,2021-08-25T01:29:56.7494310Z,0.2897,0.2912,0.2892,0.29,4300948.92870727,1120
2021-08-25T01:30:00.0000000Z,2021-08-25T01:45:00.0000000Z,2021-08-25T01:30:00.5022850Z,2021-08-25T01:44:59.6827150Z,0.2901,0.2914,0.2895,0.2914,2731332.42434023,951
2021-08-25T01:45:00.0000000Z,2021-08-25T02:00:00.0000000Z,2021-08-25T01:45:03.6953230Z,2021-08-25T01:59:55.5888570Z,0.2914,0.2933,0.2906,0.2933,2171004.11251029,1002
2021-08-25T02:00:00.0000000Z,2021-08-25T02:15:00.0000000Z,2021-08-25T02:00:00.6945110Z,2021-08-25T02:14:55.7817280Z,0.2931,0.2943,0.2921,0.2935,2627153.75285578,1025
2021-08-25T02:15:00.0000000Z,2021-08-25T02:30:00.0000000Z,2021-08-25T02:15:05.9469470Z,2021-08-25T02:29:58.1724220Z,0.2937,0.2937,0.2917,0.2922,2715596.99499369,1044
2021-08-25T02:30:00.0000000Z,2021-08-25T02:45:00.0000000Z,2021-08-25T02:30:00.1639370Z,2021-08-25T02:44:59.2020310Z,0.2923,0.2942,0.29165,0.2939,2342492.47276913,1036
2021-08-25T02:45:00.0000000Z,2021-08-25T03:00:00.0000000Z,2021-08-25T02:45:01.7707540Z,2021-08-25T02:59:59.7800430Z,0.294,0.2953,0.2933,0.2944,2693918.82595549,1003
2021-08-25T03:00:00.0000000Z,2021-08-25T03:15:00.0000000Z,2021-08-25T03:00:00.5765830Z,2021-08-25T03:14:58.7717710Z,0.2943,0.2947,0.2923,0.2924,1605046.17760754,715
2021-08-25T03:15:00.0000000Z,2021-08-25T03:30:00.0000000Z,2021-08-25T03:15:01.0336970Z,2021-08-25T03:29:59.7647630Z,0.2925,0.2934,0.291931,0.2928,3193559.24494367,852
2021-08-25T03:30:00.0000000Z,2021-08-25T03:45:00.0000000Z,2021-08-25T03:30:00.9110740Z,2021-08-25T03:44:58.7305780Z,0.2928,0.2933,0.2915,0.2918,2961543.61278309,805
2021-08-25T03:45:00.0000000Z,2021-08-25T04:00:00.0000000Z,2021-08-25T03:45:00.2689620Z,2021-08-25T03:59:57.9006070Z,0.2916,0.2922,0.28897,0.2896,2768068.58250752,1111
2021-08-25T04:00:00.0000000Z,2021-08-25T04:15:00.0000000Z,2021-08-25T04:00:00.2355400Z,2021-08-25T04:14:58.2044160Z,0.2895,0.2918,0.2880585,0.2908,7458472.69142771,1078
2021-08-25T04:15:00.0000000Z,2021-08-25T04:30:00.0000000Z,2021-08-25T04:15:00.6574730Z,2021-08-25T04:29:59.2518940Z,0.2907,0.2917,0.2889,0.2893,2698288.76591258,812
2021-08-25T04:30:00.0000000Z,2021-08-25T04:45:00.0000000Z,2021-08-25T04:30:00.2431770Z,2021-08-25T04:44:57.4321550Z,0.2893,0.2909,0.2888,0.2902,2116930.52189305,943
2021-08-25T04:45:00.0000000Z,2021-08-25T05:00:00.0000000Z,2021-08-25T04:45:08.4283760Z,2021-08-25T04:59:55.4032570Z,0.2903,0.291,0.2889,0.2899,1778295.52527659,720
2021-08-25T05:00:00.0000000Z,2021-08-25T05:15:00.0000000Z,2021-08-25T05:00:00.4867420Z,2021-08-25T05:14:57.1007830Z,0.29,0.2921,0.2898,0.292,1409526.81412856,709
2021-08-25T05:15:00.0000000Z,2021-08-25T05:30:00.0000000Z,2021-08-25T05:15:00.0156920Z,2021-08-25T05:29:58.7940490Z,0.2919,0.2923,0.2913,0.292,1509617.90439617,583
2021-08-25T05:30:00.0000000Z,2021-08-25T05:45:00.0000000Z,2021-08-25T05:30:01.6799610Z,2021-08-25T05:44:59.2543210Z,0.2921,0.29345,0.2916848,0.2931,1212001.18557378,563
2021-08-25T05:45:00.0000000Z,2021-08-25T06:00:00.0000000Z,2021-08-25T05:45:00.7714660Z,2021-08-25T05:59:56.3108860Z,0.2931,0.2958,0.2925101,0.2956,2693803.2585161,879
2021-08-25T06:00:00.0000000Z,2021-08-25T06:15:00.0000000Z,2021-08-25T06:00:01.2871680Z,2021-08-25T06:14:49.0971780Z,0.2958,0.297,0.295,0.2952,1912007.23498138,862
2021-08-25T06:15:00.0000000Z,2021-08-25T06:30:00.0000000Z,2021-08-25T06:15:01.3523500Z,2021-08-25T06:29:59.0049420Z,0.2954,0.2957,0.29354,0.2943,1752835.81999397,754
2021-08-25T06:30:00.0000000Z,2021-08-25T06:45:00.0000000Z,2021-08-25T06:30:01.8154200Z,2021-08-25T06:44:59.5967870Z,0.2943,0.2954,0.2935,0.2953,789834.18948401,548
2021-08-25T06:45:00.0000000Z,2021-08-25T07:00:00.0000000Z,2021-08-25T06:45:02.0306990Z,2021-08-25T06:59:56.6582310Z,0.2952,0.2953,0.2933,0.2935,1073600.09554994,421
2021-08-25T07:00:00.0000000Z,2021-08-25T07:15:00.0000000Z,2021-08-25T07:00:04.8727580Z,2021-08-25T07:14:58.3946580Z,0.2938,0.2967,0.2937642,0.2946,3476366.42741631,862
2021-08-25T07:15:00.0000000Z,2021-08-25T07:30:00.0000000Z,2021-08-25T07:15:02.2115890Z,2021-08-25T07:29:59.2270740Z,0.2947,0.296,0.294,0.2942,1293456.77846253,393
2021-08-25T07:30:00.0000000Z,2021-08-25T07:45:00.0000000Z,2021-08-25T07:30:02.5184410Z,2021-08-25T07:44:56.9389980Z,0.2943,0.2945,0.2913,0.2917,992336.87492278,737
2021-08-25T07:45:00.0000000Z,2021-08-25T08:00:00.0000000Z,2021-08-25T07:45:02.5500700Z,2021-08-25T07:59:59.1795340Z,0.2917,0.2926,0.2913,0.2919,1046853.5668658,391
2021-08-25T08:00:00.0000000Z,2021-08-25T08:15:00.0000000Z,2021-08-25T08:00:09.1949770Z,2021-08-25T08:14:58.0010000Z,0.2919,0.2925,0.2903,0.29074,1217416.20442954,547
2021-08-25T08:15:00.0000000Z,2021-08-25T08:30:00.0000000Z,2021-08-25T08:15:01.6227840Z,2021-08-25T08:29:59.5513080Z,0.2907,0.2912,0.2894,0.2898,1574934.00726552,625
2021-08-25T08:30:00.0000000Z,2021-08-25T08:45:00.0000000Z,2021-08-25T08:30:00.2360310Z,2021-08-25T08:44:57.1574520Z,0.2898,0.2903,0.2849,0.2854,7374712.1237108,1682
2021-08-25T08:45:00.0000000Z,2021-08-25T09:00:00.0000000Z,2021-08-25T08:45:02.3230110Z,2021-08-25T08:59:58.1323600Z,0.2852,0.2863,0.281,0.2814,7170444.6197344,1848
2021-08-25T09:00:00.0000000Z,2021-08-25T09:15:00.0000000Z,2021-08-25T09:00:05.0467350Z,2021-08-25T09:14:56.7255360Z,0.2811,0.285,0.2804,0.2839,4858717.56056167,1490
2021-08-25T09:15:00.0000000Z,2021-08-25T09:30:00.0000000Z,2021-08-25T09:15:03.2110000Z,2021-08-25T09:29:55.6043140Z,0.2835666,0.28561,0.2823865,0.2827,3913461.60682028,1134
2021-08-25T09:30:00.0000000Z,2021-08-25T09:45:00.0000000Z,2021-08-25T09:30:01.2220000Z,2021-08-25T09:44:59.9878120Z,0.2827974,0.284,0.28,0.2809,6125650.24220493,2114
2021-08-25T09:45:00.0000000Z,2021-08-25T10:00:00.0000000Z,2021-08-25T09:45:00.4202170Z,2021-08-25T09:59:59.4177760Z,0.281,0.2818,0.2795,0.2801,7438965.87496455,2094
2021-08-25T10:00:00.0000000Z,2021-08-25T10:15:00.0000000Z,2021-08-25T10:00:00.3923010Z,2021-08-25T10:14:59.8027930Z,0.2801,0.2823,0.2797,0.282,5785646.08365661,1348
2021-08-25T10:15:00.0000000Z,2021-08-25T10:30:00.0000000Z,2021-08-25T10:15:02.0951190Z,2021-08-25T10:29:59.8547060Z,0.282,0.28379,0.282,0.2829,2592905.29541928,1020
2021-08-25T10:30:00.0000000Z,2021-08-25T10:45:00.0000000Z,2021-08-25T10:30:00.2289220Z,2021-08-25T10:44:59.4599080Z,0.283,0.2852,0.2825858,0.285,2271920.31178049,1187
2021-08-25T10:45:00.0000000Z,2021-08-25T11:00:00.0000000Z,2021-08-25T10:45:00.4340000Z,2021-08-25T10:59:58.2010000Z,0.28495,0.2854,0.284033,0.2845099,2347349.15213569,813
2021-08-25T11:00:00.0000000Z,2021-08-25T11:15:00.0000000Z,2021-08-25T11:00:00.4580800Z,2021-08-25T11:14:59.7686950Z,0.2843,0.2846,0.2819,0.2821,1907295.04719894,838
2021-08-25T11:15:00.0000000Z,2021-08-25T11:30:00.0000000Z,2021-08-25T11:15:01.5420400Z,2021-08-25T11:29:57.4347770Z,0.2821,0.28422,0.282,0.2836,1516039.91686284,880
2021-08-25T11:30:00.0000000Z,2021-08-25T11:45:00.0000000Z,2021-08-25T11:30:04.4093680Z,2021-08-25T11:44:59.5451770Z,0.2836,0.285,0.2835596,0.2849,1988179.86232235,756
2021-08-25T11:45:00.0000000Z,2021-08-25T12:00:00.0000000Z,2021-08-25T11:45:07.4892170Z,2021-08-25T11:59:58.5851730Z,0.285,0.2871,0.2846,0.2865,3487512.89975405,1242
2021-08-25T12:00:00.0000000Z,2021-08-25T12:15:00.0000000Z,2021-08-25T12:00:00.5923820Z,2021-08-25T12:14:58.2188920Z,0.2865,0.2869,0.2843,0.2859,1874753.25912196,982
2021-08-25T12:15:00.0000000Z,2021-08-25T12:30:00.0000000Z,2021-08-25T12:15:02.5098480Z,2021-08-25T12:29:58.0876060Z,0.2861,0.2876,0.28562,0.2861,3252433.13881567,1025
2021-08-25T12:30:00.0000000Z,2021-08-25T12:45:00.0000000Z,2021-08-25T12:30:01.9023280Z,2021-08-25T12:44:59.9072890Z,0.2861,0.2869,0.2849,0.286,2339985.06259274,803
2021-08-25T12:45:00.0000000Z,2021-08-25T13:00:00.0000000Z,2021-08-25T12:45:01.8245080Z,2021-08-25T12:59:56.8552800Z,0.286,0.2883,0.286,0.2879,2469627.83014803,1070
2021-08-25T13:00:00.0000000Z,2021-08-25T13:15:00.0000000Z,2021-08-25T13:00:00.3184500Z,2021-08-25T13:14:59.1073760Z,0.2876,0.2902,0.2875,0.2888,5591938.63064439,1591
2021-08-25T13:15:00.0000000Z,2021-08-25T13:30:00.0000000Z,2021-08-25T13:15:00.2021230Z,2021-08-25T13:29:59.8208800Z,0.2889,0.28912,0.2864,0.288,3087775.19685577,968
2021-08-25T13:30:00.0000000Z,2021-08-25T13:45:00.0000000Z,2021-08-25T13:30:00.0899420Z,2021-08-25T13:44:57.4720000Z,0.288,0.2882,0.2856,0.2859896,5980022.00139241,1902
2021-08-25T13:45:00.0000000Z,2021-08-25T14:00:00.0000000Z,2021-08-25T13:45:00.1120000Z,2021-08-25T13:59:59.6467390Z,0.2860605,0.28711,0.2824,0.2833,9758210.69669839,2531
2021-08-25T14:00:00.0000000Z,2021-08-25T14:15:00.0000000Z,2021-08-25T14:00:01.9859180Z,2021-08-25T14:14:59.4471140Z,0.2833,0.2833,0.2798,0.2814,10483516.04035801,3412
2021-08-25T14:15:00.0000000Z,2021-08-25T14:30:00.0000000Z,2021-08-25T14:15:00.0420000Z,2021-08-25T14:29:59.7205990Z,0.2813697,0.287,0.2813,0.286,5243684.70256209,1748
2021-08-25T14:30:00.0000000Z,2021-08-25T14:45:00.0000000Z,2021-08-25T14:30:02.3547210Z,2021-08-25T14:44:58.2244460Z,0.286,0.28952,0.2854,0.2891,6248929.29221705,1937
2021-08-25T14:45:00.0000000Z,2021-08-25T15:00:00.0000000Z,2021-08-25T14:45:01.1157850Z,2021-08-25T14:59:59.9814130Z,0.2892,0.2908681,0.2881,0.2903,5171234.06146669,1501
2021-08-25T15:00:00.0000000Z,2021-08-25T15:15:00.0000000Z,2021-08-25T15:00:00.8522500Z,2021-08-25T15:14:57.8239560Z,0.2903,0.29076,0.2888,0.2906,4292112.67520666,1527
2021-08-25T15:15:00.0000000Z,2021-08-25T15:30:00.0000000Z,2021-08-25T15:15:00.4832400Z,2021-08-25T15:29:59.4186720Z,0.2906,0.2909,0.2887,0.2892,3822907.78973841,1210
2021-08-25T15:30:00.0000000Z,2021-08-25T15:45:00.0000000Z,2021-08-25T15:30:00.2838340Z,2021-08-25T15:44:59.5634100Z,0.2892,0.2896,0.2877,0.2892,3907709.24958977,1222
2021-08-25T15:45:00.0000000Z,2021-08-25T16:00:00.0000000Z,2021-08-25T15:45:00.0950000Z,2021-08-25T15:59:58.4503970Z,0.2891,0.29366,0.2889,0.2927,5391610.96936177,2074
2021-08-25T16:00:00.0000000Z,2021-08-25T16:15:00.0000000Z,2021-08-25T16:00:00.2644790Z,2021-08-25T16:14:59.5471760Z,0.2926,0.2939,0.2912,0.292,4202596.50777044,1242
2021-08-25T16:15:00.0000000Z,2021-08-25T16:30:00.0000000Z,2021-08-25T16:15:00.8861960Z,2021-08-25T16:29:58.2416910Z,0.2921,0.2954,0.2919372,0.2938,3832479.51343705,1645
2021-08-25T16:30:00.0000000Z,2021-08-25T16:45:00.0000000Z,2021-08-25T16:30:00.0223600Z,2021-08-25T16:44:59.5682830Z,0.2939,0.2949,0.293,0.2935,2932310.3483475,1092
2021-08-25T16:45:00.0000000Z,2021-08-25T17:00:00.0000000Z,2021-08-25T16:45:00.6888220Z,2021-08-25T16:59:59.1721270Z,0.2933,0.2939,0.2918,0.2933,2421706.49702655,1194
2021-08-25T17:00:00.0000000Z,2021-08-25T17:15:00.0000000Z,2021-08-25T17:00:01.5169300Z,2021-08-25T17:14:58.8566430Z,0.2934,0.2936,0.2905638,0.2914,3670112.42187803,1525
2021-08-25T17:15:00.0000000Z,2021-08-25T17:30:00.0000000Z,2021-08-25T17:15:02.2800000Z,2021-08-25T17:29:59.8175580Z,0.2913288,0.2927,0.2896,0.2916,3690075.16875974,1642
2021-08-25T17:30:00.0000000Z,2021-08-25T17:45:00.0000000Z,2021-08-25T17:30:02.0054470Z,2021-08-25T17:44:58.7226290Z,0.2917,0.2946,0.2916,0.2945,4325739.133729,1443
2021-08-25T17:45:00.0000000Z,2021-08-25T18:00:00.0000000Z,2021-08-25T17:45:00.6629060Z,2021-08-25T17:59:58.9143030Z,0.2945,0.2946,0.2924,0.293,2740988.1612867,1200
2021-08-25T18:00:00.0000000Z,2021-08-25T18:15:00.0000000Z,2021-08-25T18:00:03.8777210Z,2021-08-25T18:14:59.4180020Z,0.293,0.2937,0.2915,0.2921,2764026.32194353,1104
2021-08-25T18:15:00.0000000Z,2021-08-25T18:30:00.0000000Z,2021-08-25T18:15:00.8925830Z,2021-08-25T18:29:59.9563930Z,0.2922,0.2929,0.2915,0.2924,1717763.35990056,1099
2021-08-25T18:30:00.0000000Z,2021-08-25T18:45:00.0000000Z,2021-08-25T18:30:00.1232040Z,2021-08-25T18:44:59.4435220Z,0.2923,0.29411,0.2923,0.2939,5630435.14076676,946
2021-08-25T18:45:00.0000000Z,2021-08-25T19:00:00.0000000Z,2021-08-25T18:45:00.1305660Z,2021-08-25T18:59:59.4219840Z,0.294,0.2941,0.2927,0.2929,5392801.57570726,1294
2021-08-25T19:00:00.0000000Z,2021-08-25T19:15:00.0000000Z,2021-08-25T19:00:00.6410000Z,2021-08-25T19:14:59.2800000Z,0.292891,0.2941,0.2925,0.29331,2159144.34124382,899
2021-08-25T19:15:00.0000000Z,2021-08-25T19:30:00.0000000Z,2021-08-25T19:15:01.0990000Z,2021-08-25T19:29:58.2948460Z,0.29331,0.29344,0.2915,0.2927,2496764.5180883,956
2021-08-25T19:30:00.0000000Z,2021-08-25T19:45:00.0000000Z,2021-08-25T19:30:00.6285270Z,2021-08-25T19:44:58.2519980Z,0.2926,0.2932,0.291,0.2913,1768503.13376068,846
2021-08-25T19:45:00.0000000Z,2021-08-25T20:00:00.0000000Z,2021-08-25T19:45:00.5918560Z,2021-08-25T19:59:56.6630460Z,0.2914,0.2917,0.2885,0.289,2332616.85624714,1156
2021-08-25T20:00:00.0000000Z,2021-08-25T20:15:00.0000000Z,2021-08-25T20:00:00.2295390Z,2021-08-25T20:14:59.9169290Z,0.2891,0.29252,0.2891,0.2921,3190672.42183071,1037
2021-08-25T20:15:00.0000000Z,2021-08-25T20:30:00.0000000Z,2021-08-25T20:15:00.1752070Z,2021-08-25T20:29:59.9124100Z,0.2921,0.2931,0.2912,0.292,2365440.76250829,1022
2021-08-25T20:30:00.0000000Z,2021-08-25T20:45:00.0000000Z,2021-08-25T20:30:00.8956740Z,2021-08-25T20:44:59.3490000Z,0.2922,0.29242,0.2904,0.29065,2847481.36051007,751
2021-08-25T20:45:00.0000000Z,2021-08-25T21:00:00.0000000Z,2021-08-25T20:45:01.1124440Z,2021-08-25T20:59:59.5848070Z,0.2904,0.2911,0.2871,0.2888,6260862.38508403,1926
2021-08-25T21:00:00.0000000Z,2021-08-25T21:15:00.0000000Z,2021-08-25T21:00:02.1255560Z,2021-08-25T21:14:59.7849590Z,0.2888,0.2935119,0.2885,0.291,5157035.65639764,1040
2021-08-25T21:15:00.0000000Z,2021-08-25T21:30:00.0000000Z,2021-08-25T21:15:00.4887620Z,2021-08-25T21:29:59.8770000Z,0.2909,0.2909,0.2894,0.2898659,4239240.56163694,1382
2021-08-25T21:30:00.0000000Z,2021-08-25T21:45:00.0000000Z,2021-08-25T21:30:09.6363900Z,2021-08-25T21:44:58.4031940Z,0.2897,0.2906,0.28938,0.2903,1489461.60440879,1072
2021-08-25T21:45:00.0000000Z,2021-08-25T22:00:00.0000000Z,2021-08-25T21:45:00.5295370Z,2021-08-25T21:59:58.9655200Z,0.2903,0.2931,0.2891,0.2926,3031323.18374762,1188
2021-08-25T22:00:00.0000000Z,2021-08-25T22:15:00.0000000Z,2021-08-25T22:00:00.5500000Z,2021-08-25T22:14:57.9980000Z,0.29254,0.2938,0.291,0.29284,4362559.044343,1168
2021-08-25T22:15:00.0000000Z,2021-08-25T22:30:00.0000000Z,2021-08-25T22:15:00.1260940Z,2021-08-25T22:29:59.0479950Z,0.293,0.2931,0.2891,0.2894,3306176.66333642,1020
2021-08-25T22:30:00.0000000Z,2021-08-25T22:45:00.0000000Z,2021-08-25T22:30:01.4072350Z,2021-08-25T22:44:58.4315610Z,0.2895,0.29102,0.2894,0.2898,1938241.01363596,828
2021-08-25T22:45:00.0000000Z,2021-08-25T23:00:00.0000000Z,2021-08-25T22:45:01.6272290Z,2021-08-25T22:59:59.1599490Z,0.2899,0.2914,0.2897,0.2909,1246340.39243515,688
2021-08-25T23:00:00.0000000Z,2021-08-25T23:15:00.0000000Z,2021-08-25T23:00:00.6847140Z,2021-08-25T23:14:59.7751980Z,0.2908,0.2922,0.2899,0.292,1948299.92177268,855
2021-08-25T23:15:00.0000000Z,2021-08-25T23:30:00.0000000Z,2021-08-25T23:15:01.4469100Z,2021-08-25T23:29:59.0134730Z,0.2921,0.29332,0.2912,0.2929,3778222.74963896,1098
2021-08-25T23:30:00.0000000Z,2021-08-25T23:45:00.0000000Z,2021-08-25T23:30:02.2845600Z,2021-08-25T23:44:59.7620750Z,0.293,0.2937,0.29249,0.2932,2479749.6488102,1007
2021-08-25T23:45:00.0000000Z,2021-08-26T00:00:00.0000000Z,2021-08-25T23:45:00.0795420Z,2021-08-25T23:59:59.8364460Z,0.2932,0.2934,0.2917,0.2924,2169737.98662693,929